Link Name,Center of Mass X,Center of Mass Y,Center of Mass Z,Center of Mass Roll,Center of Mass Pitch,Center of Mass Yaw,Mass,Moment Ixx,Moment Ixy,Moment Ixz,Moment Iyy,Moment Iyz,Moment Izz,Visual X,Visual Y,Visual Z,Visual Roll,Visual Pitch,Visual Yaw,Mesh Filename,Color Red,Color Green,Color Blue,Color Alpha,Collision X,Collision Y,Collision Z,Collision Roll,Collision Pitch,Collision Yaw,Collision Mesh Filename,Material Name,SW Components,Coordinate System,Axis Name,Joint Name,Joint Type,Joint Origin X,Joint Origin Y,Joint Origin Z,Joint Origin Roll,Joint Origin Pitch,Joint Origin Yaw,Parent,Joint Axis X,Joint Axis Y,Joint Axis Z,Limit Effort,Limit Velocity,Limit Lower,Limit Upper,Calibration rising,Calibration falling,Dynamics Damping,Dynamics Friction,Safety Soft Upper,Safety Soft Lower,Safety K Position,Safety K Velocity
base_link,0.052311,-0.020358,0.021084,0,0,0,10.672,0.05129,-5.5239E-05,0.003337,0.093685,1.1758E-05,0.098428,0,0,0,0,0,0,package://whole body stand urdf/meshes/base_link.STL,1,1,1,1,0,0,0,0,0,0,package://whole body stand urdf/meshes/base_link.STL,,stand v4-1;sswheel-1;ssscast v1-2;stand v4-2;sswheel-2;Link3-v1-2;joint2-2;dcmotor-2;dcmotor-1;leg-1;link2-v1-1;Link3-v1-3;joint3 (1).step-2;leg-2;link2-v1-2;body-1;joint3 (1).step-1;joint2-1;ssscast v1-1;round v1-2;round v1-1;kinect upper part-1;centbase v1.step-1/s.step-1/s.step.step-1/s Plate.step.step-1,Origin_global,,,,0,0,0,0,0,0,,0,0,0,,,,,,,,,,,,0
link_1,-1.3035E-09,0.0037062,0.017301,0,0,0,0.30463,0.00022794,8.3291E-10,1.3386E-10,0.00033807,-7.9381E-06,0.0005198,0,0,0,0,0,0,package://whole body stand urdf/meshes/link_1.STL,0.79216,0.81961,0.93333,1,0,0,0,0,0,0,package://whole body stand urdf/meshes/link_1.STL,,centre.STEP-1/baseeer.STEP-1/baseeer.step.STEP-1/Base Plate.step.STEP-1;centre.STEP-1/baseeer.STEP-1/baseeer.step.STEP-1/Arm1.step.STEP-1;centre.STEP-1/baseeer.STEP-1/baseeer.step.STEP-1/hs-422_sws.step.STEP-2;centre.STEP-1/baseeer.STEP-1/baseeer.step.STEP-1/hs-422_sws.step.STEP-1,,,joint_1,revolute,0.055262,-0.024268,0.14938,0.0055232,0.0003523,1.5601,base_link,0,0,0,0,0,0,0,,,,,,,,0
link_2,0.25545,-9.4E-05,-0.01,0,0,0,0.47708,0.00015098,6.6166E-16,4.8079E-15,0.0021588,-1.4995E-07,0.0022814,0,0,0,0,0,0,package://whole body stand urdf/meshes/link_2.STL,0.62745,0.62745,0.62745,1,0,0,0,0,0,0,package://whole body stand urdf/meshes/link_2.STL,,sholder.step-1/sholder.step-2;sholder.step-1/sholder.step-1;sholder.step-1/hs-422_sws.STEP-1;sholder.step-1/hs-422_sws.STEP-2,,,joint_2,revolute,-0.01,0.020897,-0.020746,1.5708,-1.2217,-1.5708,link_1,0,0,0,0,0,0,0,,,,,,,,0
link_3,-0.1422,0.1064,-0.0075,0,0,0,0.21849,0.00035027,0.00042695,-5.2502E-09,0.0006015,-7.017E-09,0.00094701,0,0,0,0,0,0,package://whole body stand urdf/meshes/link_3.STL,0.62745,0.62745,0.62745,1,0,0,0,0,0,0,package://whole body stand urdf/meshes/link_3.STL,,sholder.step-1/22.STEP-1;elbow link-1,,,joint_3,revolute,0.42023,-9.4E-05,-0.0030409,0,0,1.1659,link_2,0,0,0,0,0,0,0,,,,,,,,0
link_4,0.024383,-0.015366,-0.0075207,0,0,0,0.057881,1.1754E-05,-8.0339E-12,1.4951E-10,4.9828E-06,3.3125E-12,1.2248E-05,0,0,0,0,0,0,package://whole body stand urdf/meshes/link_4.STL,1,1,1,1,0,0,0,0,0,0,package://whole body stand urdf/meshes/link_4.STL,,Arm8-2;endeffector.step-1,,,joint_4,revolute,-0.2807,0.2102,0,0,0,-2.3877,link_3,0,0,1,0,0,0,3.14,,,,,,,,0
